year,passengers
1956,284000
1956.08333333334,277000
1956.16666666667,317000
1956.25,313000
1956.33333333334,318000
1956.41666666667,374000
1956.5,413000
1956.58333333334,405000
1956.66666666667,355000
1956.75,306000
1956.83333333334,271000
1956.91666666667,306000